"","Wormbase.ID","Sequence.ID","Category.1","Category.2","Category.3","Automated.Description"
"1","WBGene00000032","R09F10.2","Unassigned","Unassigned","Unassigned","abu-9 is enriched in the pharynx based on microarray studies\; is affected by several genes including xbp-1, lin-22, and mir-34 based on microarray and RNA-seq studies\; is affected by Ethanol, multi-walled carbon nanotube, and Neurotoxins based on RNA-seq and microarray studies."
"2","WBGene00000219","F21F8.7","Proteolysis general","Proteolysis general: aspartate","Proteolysis general: aspartate: unassigned","asp-6 is an ortholog of human PGA4, NAPSA, and PGA5\; is predicted to have aspartic-type endopeptidase activity\; localizes to the extracellular space\; is expressed in the hypodermal cell, the intestine, the muscle cell, the pharynx, and the pseudocoelom."
"3","WBGene00000372","T10B9.10","Stress response","Stress response: detoxification","Stress response: detoxification: CYP","cyp-13A7 is an ortholog of human TBXAS1 (thromboxane A synthase 1) and members of the human CYP3 (Cytochrome P450 family 3) gene family including CYP3A4, CYP3A7, and CYP3A5\; is predicted to have heme binding activity, iron ion binding activity, and oxidoreductase activity\; is expressed in the intestine."
"4","WBGene00000458","C37E2.5","Transcription factor","Transcription factor: homeodomain","Transcription factor: homeodomain","ceh-37 is an ortholog of human CRX (cone-rod homeobox), OTX1 (orthodenticle homeobox 1), and OTX2 (orthodenticle homeobox 2)\; exhibits DNA binding activity, bending and double-stranded telomeric DNA binding activity\; is involved in neuron fate specification, olfactory behavior, and regulation of transcription by RNA polymerase II\; localizes to the nuclear chromosome, telomeric region\; is expressed in several tissues, including the amphid sensillum, the excretory cell, the head, the intestine, and the nervous system."
"5","WBGene00000516","T05A6.1","Cell cycle","Cell cycle: unassigned","Cell cycle: unassigned","cki-1 is predicted to have cyclin-dependent protein serine\/threonine kinase inhibitor activity\; is involved in several processes, including gonad development, negative regulation of cell cycle, and negative regulation of cell division\; localizes to the nucleus\; is expressed in several tissues, including the Q cell, the alimentary system, the epithelial system, the reproductive system, and the vulval precursor cell."
"6","WBGene00000781","C52E4.1","Proteolysis general","Proteolysis general: cysteine","Proteolysis general: cysteine: cathepsin","cpr-1 is an ortholog of human CTSB (cathepsin B)\; is predicted to have cysteine-type peptidase activity\; is expressed in the intestine and the male."
"7","WBGene00000784","F44C4.3","Proteolysis general","Proteolysis general: aspartate","Proteolysis general: aspartate: cathepsin","cpr-4 is an ortholog of human CTSB (cathepsin B)\; exhibits cysteine-type endopeptidase activity\; is involved in cellular response to UV, cellular response to gamma radiation, and proteolysis involved in cellular protein catabolic process\; localizes to the extracellular region."
"8","WBGene00000785","W07B8.5","Proteolysis general","Proteolysis general: cysteine","Proteolysis general: cysteine: unassigned","cpr-5 is an ortholog of human CTSB (cathepsin B)\; is predicted to have cysteine-type peptidase activity."
"9","WBGene00000799","K04H4.6","Development","Development: apoptosis","Development: apoptosis","crn-6 is an ortholog of human DNASE2B\; exhibits deoxyribonuclease II activity\; is involved in apoptotic DNA fragmentation\; is expressed in the seam cell."
"10","WBGene00000830","Y54G11A.6","Stress response","Stress response: oxidative","Stress response: oxidative","ctl-1 is an ortholog of human CAT\; exhibits catalase activity\; human orthologs of this gene are implicated in acatalasia."
"11","WBGene00000991","M03A8.1","Metabolism","Metabolism: lipid","Metabolism: lipid: sterol","dhs-28 is an ortholog of human SCP2D1\; is involved in several processes, including acyl-CoA metabolic process, ascaroside biosynthetic process, and dauer entry\; localizes to the peroxisome\; is expressed in the hypodermis\; is used to study obesity."
"12","WBGene00001581","F57F4.3","Globin","Globin","Globin","gfi-1 is involved in chromatin remodeling\; localizes to the membrane raft\; is expressed in the I1L, the I1R, the RIH, and the intestine."
"13","WBGene00001591","F11A5.10","Transmembrane transport","Transmembrane transport: chloride channel","Transmembrane transport: chloride channel","glc-1 is an ortholog of human GLRA4 (glycine receptor alpha 4), GLRA3 (glycine receptor alpha 3), and GLRA2 (glycine receptor alpha 2)\; exhibits extracellularly glutamate-gated chloride channel activity, glutamate binding activity, and identical protein binding activity\; is involved in chloride transmembrane transport, locomotion involved in locomotory behavior, and protein complex oligomerization\; localizes to the integral component of plasma membrane\; is expressed in head neurons, the body wall musculature, and the pharyngeal muscle cell\; human orthologs of this gene are implicated in hyperekplexia 1 and hyperekplexia 2."
"14","WBGene00001883","ZK131.3","Transcription: chromatin","Transcription: chromatin structure","Transcription: chromatin structure: histone","his-9 is predicted to have DNA binding activity and protein heterodimerization activity\; is expressed widely."
"15","WBGene00001887","ZK131.7","Transcription: chromatin","Transcription: chromatin structure","Transcription: chromatin structure: histone","his-13 is predicted to have DNA binding activity and protein heterodimerization activity\; is expressed in the nervous system."
"16","WBGene00001899","ZK131.2","Transcription: chromatin","Transcription: chromatin structure","Transcription: chromatin structure: histone","his-25 is predicted to have DNA binding activity and protein heterodimerization activity."
"17","WBGene00001901","K06C4.13","Transcription: chromatin","Transcription: chromatin structure","Transcription: chromatin structure: histone","his-27 is predicted to have DNA binding activity and protein heterodimerization activity."
"18","WBGene00001923","F07B7.5","Transcription: chromatin","Transcription: chromatin structure","Transcription: chromatin structure: histone","his-49 is predicted to have DNA binding activity and protein heterodimerization activity."
"19","WBGene00002015","T27E4.8","Stress response","Stress response: heat","Stress response: heat","hsp-16.1 is an ortholog of human CRYAA (crystallin alpha A), CRYAB (crystallin alpha B), and HSPB1 (heat shock protein family B (small) member 1)\; is predicted to have unfolded protein binding activity\; is involved in response to heat\; localizes to the Golgi medial cisterna\; is expressed in several tissues, including the alimentary system, the coelomocyte, the gonad, the muscular system, and the nervous system\; human orthologs of this gene are implicated in several diseases, including Charcot-Marie-Tooth disease axonal type 2F, cataract (multiple), and myofibrillar myopathy (multiple)."
"20","WBGene00002041","Y66H1A.6","Muscle function","Muscle function","Muscle function","hum-8 is an ortholog of human MYO6 (myosin VI)\; is predicted to have ATP binding activity, actin binding activity, and motor activity\; human orthologs of this gene are implicated in autosomal dominant nonsyndromic deafness 22 and autosomal recessive nonsyndromic deafness 37."
"21","WBGene00002057","R04E5.10","Cytoskeleton","Cytoskeleton: intermediate filament protein","Cytoskeleton: intermediate filament protein","ifd-1 is an ortholog of human KRT82 (keratin 82), KRT71 (keratin 71), and KRT76 (keratin 76)\; is predicted to have structural molecule activity\; is expressed in the intestine\; human orthologs of this gene are implicated in several diseases, including Charcot-Marie-Tooth disease (multiple), eye disease (multiple), and hypotrichosis (multiple)."
"22","WBGene00002058","F25E2.4","Cytoskeleton","Cytoskeleton: intermediate filament protein","Cytoskeleton: intermediate filament protein","ifd-2 is an ortholog of human KRT82 (keratin 82), KRT71 (keratin 71), and KRT76 (keratin 76)\; is predicted to have structural molecule activity\; is expressed in the intestine\; human orthologs of this gene are implicated in several diseases, including Charcot-Marie-Tooth disease (multiple), eye disease (multiple), and hypotrichosis (multiple)."
"23","WBGene00002067","C43C3.1","Cytoskeleton","Cytoskeleton: intermediate filament protein","Cytoskeleton: intermediate filament protein","ifp-1 is predicted to have structural molecule activity\; is expressed in the head, the intestine, the pharynx, and the ventral nerve cord."
"24","WBGene00002174","W03D8.6","Cytoskeleton","Cytoskeleton: unassigned","Cytoskeleton: unassigned","itx-1 localizes to the adherens junction and basolateral plasma membrane\; is expressed in several tissues, including the anterior ganglion, the intestine, and the reproductive system."
"25","WBGene00002234","M60.5","Transmembrane transport","Transmembrane transport: potassium channel","Transmembrane transport: potassium channel","kqt-2 is an ortholog of human KCNA3 (potassium voltage-gated channel subfamily A member 3), KCNA4 (potassium voltage-gated channel subfamily A member 4), and KCNA2 (potassium voltage-gated channel subfamily A member 2)\; is predicted to have voltage-gated potassium channel activity\; is involved in defecation\; is expressed in the intestine."
"26","WBGene00003095","F58B3.3","Proteolysis general","Proteolysis general: lysozyme","Proteolysis general: lysozyme","lys-6 is predicted to have lysozyme activity."
"27","WBGene00003096","C02A12.4","Stress response","Stress response: pathogen","Stress response: pathogen: lysozyme","lys-7 is involved in several processes, including defense response to bacterium, defense response to other organism, and innate immune response\; is expressed in head neurons, the intestine, and the rectal gland cell."
"28","WBGene00003097","C17G10.5","Stress response","Stress response: pathogen","Stress response: pathogen: lysozyme","lys-8 is involved in pharyngeal gland morphogenesis\; is expressed in several tissues, including the alimentary system, the g1AR, the g1P, and the nervous system."
"29","WBGene00003409","E03G2.2","Transmembrane transport","Transmembrane transport: ABC","Transmembrane transport: ABC","mrp-3 is an ortholog of human ABCC2 (ATP binding cassette subfamily C member 2) and ABCC3 (ATP binding cassette subfamily C member 3)\; is predicted to have ATP binding activity and ATPase activity, coupled to transmembrane movement of substances\; human orthologs of this gene are implicated in several diseases, including Dubin-Johnson syndrome, arterial calcification of infancy, and oculocutaneous albinism."
"30","WBGene00003628","C07A12.3","Transcription factor","Transcription factor: NHR","Transcription factor: NHR","nhr-35 is an ortholog of human HNF4A (hepatocyte nuclear factor 4 alpha) and HNF4G (hepatocyte nuclear factor 4 gamma)\; is predicted to have several functions, including regulation of cellular process, sequence-specific DNA binding activity, and zinc ion binding activity\; is expressed in the intestine\; human orthologs of this gene are implicated in maturity-onset diabetes of the young type 1 and type 2 diabetes mellitus."
"31","WBGene00003738","F54F3.1","Cytoskeleton","Cytoskeleton: unassigned","Cytoskeleton: unassigned","nid-1 is an ortholog of human LRP6 (LDL receptor related protein 6), LTBP3 (latent transforming growth factor beta binding protein 3), and NID2\; exhibits extracellular matrix structural constituent\; is involved in several processes, including cholinergic synaptic transmission, nervous system development, and protein localization to synapse\; localizes to the basal part of cell and basement membrane\; is expressed in several tissues, including the alimentary system, the muscular system, the nervous system, the reproductive system, and the sensillum."
"32","WBGene00003786","VC5.3","Metabolism","Metabolism: lipid","Metabolism: lipid: binding","npa-1 is enriched in the intestine and the pharyngeal muscle cell based on tiling array and RNA-seq studies\; is affected by several genes including daf-16, daf-2, and let-7 based on proteomic, microarray, and RNA-seq studies\; is affected by ten chemicals including Astaxanthin, estrogen, and Progesterone based on RNA-seq and microarray studies\; is predicted to encode a protein with the following domains: Polyprotein allergen, nematode and DVA-1 superfamily."
"33","WBGene00003844","K11C4.4","Metabolism","Metabolism: polyamine","Metabolism: polyamine","odc-1 is an ortholog of human AZIN1, AZIN2, and Odc1\; is predicted to have ornithine decarboxylase activity\; is expressed in the intestine and the male gonad."
"34","WBGene00003995","K08E7.9","Transmembrane transport","Transmembrane transport: ABC","Transmembrane transport: ABC","pgp-1 is an ortholog of human ABCB1 (ATP binding cassette subfamily B member 1), ABCB11 (ATP binding cassette subfamily B member 11), and ABCB4 (ATP binding cassette subfamily B member 4)\; is predicted to have efflux transmembrane transporter activity\; is involved in several processes, including defense response to Gram-negative bacterium, innate immune response, and response to metal ion\; localizes to the apical plasma membrane\; is expressed in the intestine and the pharynx."
"35","WBGene00004023","T16D1.2","Lysosome","Lysosome: acid phosphatase","Lysosome: acid phosphatase","pho-4 is an ortholog of human ACP2 (acid phosphatase 2, lysosomal), ACP4 (acid phosphatase 4), and ACPP (acid phosphatase, prostate)\; human ACPP exhibits phosphatase activity and protein homodimerization activity."
"36","WBGene00004037","Y75B12B.6","Signaling","Signaling: lipid","Signaling: lipid: phospholipase C","plc-2 is an ortholog of human PLCB4 (phospholipase C beta 4)\; is predicted to have phosphatidylinositol phospholipase C activity."
"37","WBGene00004238","F46G10.5","Signaling","Signaling: hedgehog-like","Signaling: hedgehog-like","ptr-24 is involved in molting cycle."
"38","WBGene00004859","W06B3.2","Signaling","Signaling: MAPK","Signaling: MAPK","sma-5 is an ortholog of human MAPK7 (mitogen-activated protein kinase 7)\; is predicted to have ATP binding activity and MAP kinase activity\; is involved in several processes, including cell proliferation, dauer larval development, and determination of adult lifespan\; is expressed in the excretory cell, the hypodermis, the intestine, and the pharynx."
"39","WBGene00004987","T08A9.12","Stress response","Stress response: pathogen","Stress response: pathogen: saposin ","spp-2 is involved in defense response to Gram-positive bacterium."
"40","WBGene00004993","C28C12.5","Stress response","Stress response: pathogen","Stress response: pathogen: saposin ","spp-8 is an ortholog of human PSAP (prosaposin) and PSAPL1\; human PSAP exhibits several functions, including anion binding activity, beta-galactosidase activity, and protein homodimerization activity."
"41","WBGene00005657","C13D9.1","Transmembrane protein","Transmembrane protein: seven transmembrane receptor","Transmembrane protein: seven transmembrane receptor: srr","srr-6 is expressed in several tissues, including the alimentary system, the excretory cell, the nervous system, and the reproductive system\; is predicted to encode a protein with the following domain: Protein of unknown function DUF267, Caenorhabditis species."
"42","WBGene00005832","C25F9.1","Transmembrane protein","Transmembrane protein: seven transmembrane receptor","Transmembrane protein: seven transmembrane receptor: srw","srw-85 is predicted to have G protein-coupled peptide receptor activity\; is expressed in the nervous system."
"43","WBGene00006404","C31C9.1","Signaling","Signaling: hedgehog-like","Signaling: hedgehog-like","tag-10 localizes to the membrane raft\; is expressed in amphid neurons."
"44","WBGene00006431","C02F12.4","Signaling","Signaling: small GTPase","Signaling: small GTPase: Rho/Rac","tag-52 is an ortholog of human ARHGEF39 (Rho guanine nucleotide exchange factor 39)\; is predicted to have Rho guanyl-nucleotide exchange factor activity\; is expressed in several tissues, including the nervous system, the pharynx, and the reproductive system."
"45","WBGene00006609","W05E10.4","Metabolism","Metabolism: carbohydrate","Metabolism: carbohydrate","tre-3 is an ortholog of human TREH (trehalase)\; is predicted to have alpha,alpha-trehalase activity\; localizes to the membrane raft\; is expressed in several tissues, including the alimentary system, the body wall musculature, the head, the nervous system, and the reproductive system."
"46","WBGene00006650","F09E10.11","Non-coding RNA","Non-coding RNA: ncRNA","Non-coding RNA: ncRNA","tts-1 is enriched in the muscle cell based on RNA-seq and microarray studies\; is affected by several genes including daf-16, daf-2, and glp-1 based on microarray and RNA-seq studies\; is affected by fifteen chemicals including Ethanol, Nitric Oxide, and methylmercury hydroxide based on RNA-seq and microarray studies."
"47","WBGene00006683","Y47D3B.5","Transmembrane transport","Transmembrane transport: potassium channel","Transmembrane transport: potassium channel","twk-31 is predicted to have potassium channel activity."
"48","WBGene00007153","B0365.6","Stress response","Stress response: C-type Lectin","Stress response: C-type Lectin","clec-41 is predicted to have carbohydrate binding activity\; is involved in positive regulation of chemotaxis."
"49","WBGene00007220","C01B9.1","Development","Development: apoptosis","Development: apoptosis","C01B9.1 is enriched in the OLL, the PVD, the body wall musculature, and the intestine based on microarray and RNA-seq studies\; is affected by several genes including daf-16, daf-2, and clk-1 based on microarray and RNA-seq studies\; is affected by multi-walled carbon nanotube, Cry5B, and adsorbable organic bromine compound based on RNA-seq and microarray studies\; is predicted to encode a protein with the following domain: Domain of unknown function DUF38, Caenorhabditis species."
"50","WBGene00007440","C08E8.4","Metabolism","Metabolism: short chain dehydrogenase","Metabolism: short chain dehydrogenase","C08E8.4 is involved in innate immune response."
"51","WBGene00007840","C31C9.6","Cytoskeleton","Cytoskeleton: actin function","Cytoskeleton: actin function: binding","C31C9.6 is an ortholog of human WAS (Wiskott-Aldrich syndrome) and WASL (Wiskott-Aldrich syndrome like)\; human WAS exhibits SH3 domain binding activity, enzyme binding activity, and identical protein binding activity."
"52","WBGene00008097","C44H9.1","Stress response","Stress response: detoxification","Stress response: detoxification: ugt","ugt-15 is an ortholog of human UGT3A1 (UDP glycosyltransferase family 3 member A1) and UGT3A2 (UDP glycosyltransferase family 3 member A2)\; is predicted to have glucuronosyltransferase activity."
"53","WBGene00008194","C49C3.4","Unassigned","Unassigned","Unassigned","C49C3.4 is enriched in the intestine based on SAGE, tiling array, and RNA-seq studies\; is affected by several genes including daf-2, skn-1, and let-7 based on proteomic, RNA-seq, and microarray studies\; is affected by eleven chemicals including Mianserin, nicotine, and Zidovudine based on RNA-seq, proteomic, and microarray studies\; is predicted to encode a protein with the following domain: EGF-like domain."
"54","WBGene00008220","C50B6.7","Metabolism","Metabolism: carbohydrate","Metabolism: carbohydrate","C50B6.7 is an ortholog of human AMY2A (amylase, alpha 2A (pancreatic)) and AMY2B (amylase, alpha 2B (pancreatic))\; is predicted to have alpha-amylase activity, alpha-amylase activity (releasing maltohexaose), and cation binding activity\; is expressed in the intestine."
"55","WBGene00008296","C54D10.1","Stress response","Stress response: heavy metal","Stress response: heavy metal","cdr-2 is an ortholog of human FAXC\; is involved in regulation of protein deneddylation and stress response to cadmium ion\; is expressed in several tissues, including the alimentary system, the nervous system, and the reproductive system."
"56","WBGene00008451","E01G6.3","Unassigned","Unassigned","Unassigned: hydrolase","E01G6.3 is predicted to have hydrolase activity."
"57","WBGene00008495","F01D5.5","Stress response","Stress response: pathogen","Stress response: pathogen: unassigned","F01D5.5 is involved in innate immune response."
"58","WBGene00008602","F09B9.1","Metabolism","Metabolism: lipid","Metabolism: lipid: o-acyl transferase","oac-14 is predicted to have transferase activity, transferring acyl groups other than amino-acyl groups."
"59","WBGene00008621","F09C8.1","Signaling","Signaling: lipid","Signaling: lipid: phospholipase B","F09C8.1 is an ortholog of human PLB1 (phospholipase B1)\; is predicted to have hydrolase activity, acting on ester bonds\; is expressed in the intestine."
"60","WBGene00008810","F14F7.3","Stress response","Stress response: detoxification","Stress response: detoxification: CYP","cyp-13A12 is predicted to have heme binding activity, iron ion binding activity, and oxidoreductase activity\; is expressed in the marginal cell."
"61","WBGene00008905","F17B5.1","Unassigned","Unassigned","Unassigned: regulated by multiple stresses","F17B5.1 is an ortholog of human NXNL2 (nucleoredoxin like 2)\; is predicted to encode a protein with the following domains: Thioredoxin-like fold and Thioredoxin-like superfamily."
"62","WBGene00009192","F27E5.1","Metabolism","Metabolism: lipid","Metabolism: lipid: sphingolipid","asah-2 is an ortholog of human ASAH1\; is predicted to have N-acylsphingosine amidohydrolase activity and ceramidase activity\; human orthologs of this gene are implicated in Farber lipogranulomatosis."
"63","WBGene00009213","F28D1.3","Stress response","Stress response: pathogen","Stress response: pathogen: unassigned","thn-1 is involved in defense response to Gram-negative bacterium and innate immune response."
"64","WBGene00009215","F28D1.5","Stress response","Stress response: pathogen","Stress response: pathogen: unassigned","thn-2 is involved in defense response to Gram-negative bacterium and defense response to Gram-positive bacterium."
"65","WBGene00009226","F28G4.1","Stress response","Stress response: detoxification","Stress response: detoxification: CYP","cyp-37B1 is an ortholog of human CYP19A1 (cytochrome P450 family 19 subfamily A member 1) and CYP4V2 (cytochrome P450 family 4 subfamily V member 2)\; is predicted to have heme binding activity, iron ion binding activity, and oxidoreductase activity\; is involved in defense response to Gram-positive bacterium\; is expressed in the intestinal cell."
"66","WBGene00009393","F35C5.5","Stress response","Stress response: C-type Lectin","Stress response: C-type Lectin","clec-62 is predicted to have carbohydrate binding activity\; is involved in innate immune response."
"67","WBGene00009394","F35C5.6","Stress response","Stress response: C-type Lectin","Stress response: C-type Lectin","clec-63 is predicted to have carbohydrate binding activity\; is expressed in the germ line and the intestine."
"68","WBGene00009395","F35C5.7","Stress response","Stress response: C-type Lectin","Stress response: C-type Lectin","clec-64 is predicted to have carbohydrate binding activity\; is expressed in head neurons and the male."
"69","WBGene00009431","F35E12.7","Stress response","Stress response: pathogen","Stress response: pathogen: unassigned","dct-17 is involved in defense response to Gram-negative bacterium and innate immune response\; localizes to the membrane raft."
"70","WBGene00009518","F38A1.5","Stress response","Stress response: C-type Lectin","Stress response: C-type Lectin","clec-166 is predicted to have carbohydrate binding activity\; is expressed in the rectum."
"71","WBGene00009578","F40F8.5","Unassigned","Unassigned","Unassigned","F40F8.5 is enriched in the PLM, the intestine, and the muscle cell based on tiling array and RNA-seq studies\; is affected by several genes including daf-16, daf-2, and glp-1 based on microarray, tiling array, and RNA-seq studies\; is affected by six chemicals including methylmercury hydroxide, Rotenone, and D-glucopyranose based on RNA-seq studies."
"72","WBGene00009639","F42F12.8","Unassigned","Unassigned","Unassigned","nspc-15 is enriched in the nervous system based on microarray studies\; is affected by several genes including daf-16, daf-2, and hsf-1 based on microarray and RNA-seq studies\; is affected by five chemicals including Mianserin, Deoxyglucose, and Humic Substances based on RNA-seq and microarray studies."
"73","WBGene00009773","F46B6.8","Metabolism","Metabolism: lipid","Metabolism: lipid: lipase","lipl-2 is an ortholog of human LIPJ (lipase J), LIPK (lipase K), and LIPF (lipase F, gastric type)\; is predicted to have hydrolase activity, acting on ester bonds\; human orthologs of this gene are implicated in autosomal recessive congenital ichthyosis 8 and lysosomal and lipase deficiency."
"74","WBGene00009820","F47B10.9","Unassigned","Unassigned","Unassigned: regulated by multiple stresses","F47B10.9 is enriched in the Z1.p, the Z4.a, the male distal tip cell, and the somatic gonad precursor based on RNA-seq studies\; is affected by several genes including daf-16, daf-2, and let-60 based on microarray, RNA-seq, and tiling array studies\; is affected by six chemicals including Rotenone, levamisole, and tert-Butylhydroperoxide based on RNA-seq and microarray studies\; is predicted to encode a protein with the following domains: BTB\/POZ domain and SKP1\/BTB\/POZ domain superfamily."
"75","WBGene00009835","F47H4.2","Proteolysis proteasome","Proteolysis proteasome: E3","Proteolysis proteasome: E3: F box","F47H4.2 is enriched in the intestine based on microarray studies\; is affected by several genes including daf-2, glp-1, and age-1 based on microarray and RNA-seq studies\; is affected by five chemicals including Tunicamycin, 4-bromodiphenyl ether, and Alovudine based on microarray and RNA-seq studies\; is predicted to encode a protein with the following domains: F-box domain and Domain of unknown function DUF38, Caenorhabditis species."
"76","WBGene00009857","F49A5.5","Stress response","Stress response: C-type Lectin","Stress response: C-type Lectin","clec-28 is an ortholog of human CLEC3A (C-type lectin domain family 3 member A) and CLEC3B (C-type lectin domain family 3 member B)\; is predicted to have carbohydrate binding activity."
"77","WBGene00009877","F49C12.7","Signaling","Signaling: unassigned","Signaling: unassigned","F49C12.7 is enriched in the coelomocyte, the germ line, the intestine, and the nervous system based on proteomic, tiling array, RNA-seq, and microarray studies\; is affected by several genes including daf-16, daf-2, and glp-1 based on microarray, RNA-seq, and proteomic studies\; is affected by twelve chemicals including Ethanol, 1-methylnicotinamide, and methylmercuric chloride based on RNA-seq and microarray studies\; is predicted to encode a protein with the following domains: Protein kinase-like domain superfamily, Uncharacterised  oxidoreductase Dhs-27, and CHK kinase-like."
"78","WBGene00009895","F49E11.10","Extracellular material","Extracellular material: secreted protein","Extracellular material: secreted protein","scl-2 is an ortholog of human GLIPR1 (GLI pathogenesis related 1) and members of the human CRISP (Cysteine rich secretory protein family) gene family including CRISP2, CRISP3, and CRISP1\; is expressed in the intestinal cell\; is predicted to encode a protein with the following domains: Cysteine-rich  secretory protein, allergen V5\/Tpx-1-related, CAP domain, and CAP superfamily."
"79","WBGene00009984","F53F1.6","Unassigned","Unassigned","Unassigned: regulated by multiple stresses","F53F1.6 is enriched in the body wall muscle cell, the coelomocyte, the germline precursor cell, and the intestine based on tiling array, proteomic, and microarray studies\; is affected by several genes including daf-16, daf-2, and skn-1 based on microarray and RNA-seq studies\; is affected by eleven chemicals including methylmercuric chloride, Rotenone, and Tunicamycin based on microarray and RNA-seq studies."
"80","WBGene00010062","F54F3.3","Metabolism","Metabolism: lipid","Metabolism: lipid: lipase","lipl-1 is an ortholog of human LIPJ (lipase J), LIPK (lipase K), and LIPF (lipase F, gastric type)\; is predicted to have hydrolase activity, acting on ester bonds\; localizes to the lysosome\; is expressed in the intestine\; human orthologs of this gene are implicated in autosomal recessive congenital ichthyosis 8 and lysosomal and lipase deficiency."
"81","WBGene00010070","F54F11.2","Proteolysis general","Proteolysis general: metallopeptidase","Proteolysis general: metallopeptidase","nep-17 is an ortholog of human ECEL1 (endothelin converting enzyme like 1), MME, and PHEX (phosphate regulating endopeptidase homolog X-linked)\; is predicted to have metalloendopeptidase activity\; localizes to the membrane raft\; is expressed in the intestine."
"82","WBGene00010124","F55G11.4","Stress response","Stress response: pathogen","Stress response: pathogen: CUB","F55G11.4 is involved in defense response to Gram-negative bacterium\; is expressed in the intestine."
"83","WBGene00010134","F55H12.3","Transmembrane protein","Transmembrane protein: unassigned","Transmembrane protein: unassigned","F55H12.3 is predicted to have calcium ion binding activity."
"84","WBGene00010215","F57G8.6","Transcription factor","Transcription factor: NHR","Transcription factor: NHR","nhr-193 is predicted to have DNA-binding activity transcription factor activity, sequence-specific DNA binding activity, and zinc ion binding activity."
"85","WBGene00010238","F58B4.5","Unassigned","Unassigned","Unassigned: regulated by multiple stresses","F58B4.5 is enriched in the intestine based on tiling array, RNA-seq, and microarray studies\; is affected by several genes including daf-16, daf-2, and daf-12 based on microarray, proteomic, and RNA-seq studies\; is affected by sixteen chemicals including tryptophan, 1-methylnicotinamide, and nicotinic acid based on microarray and RNA-seq studies\; is predicted to encode a protein with the following domains: Protein kinase-like domain superfamily, Uncharacterised  oxidoreductase Dhs-27, and CHK kinase-like."
"86","WBGene00010336","F59F4.1","Metabolism","Metabolism: lipid","Metabolism: lipid: beta oxidation","acox-1.6 is an ortholog of human ACOX1\; is predicted to have FAD binding activity and acyl-CoA oxidase activity\; is expressed in the intestine and the pharynx\; human orthologs of this gene are implicated in peroxisomal acyl-CoA oxidase deficiency."
"87","WBGene00010540","K03H1.5","Stress response","Stress response: unassigned","Stress response: unassigned","K03H1.5 is an ortholog of human SUSD2 (sushi domain containing 2)\; is predicted to encode a protein with the following domains: Sushi\/SCR\/CCP domain, von Willebrand factor, type D domain, IPT domain, NIDO domain, AMOP domain, Immunoglobulin-like fold, Immunoglobulin E-set, and Sushi\/SCR\/CCP superfamily."
"88","WBGene00010545","K03H1.10","Transcription: chromatin","Transcription: chromatin modification","Transcription: chromatin modification: acetyltransferase","cbp-2 is an ortholog of human EP300 (E1A binding protein p300)\; is predicted to have histone acetyltransferase activity, transcription coregulator activity, and zinc ion binding activity."
"89","WBGene00010769","K11D2.2","Metabolism","Metabolism: lipid","Metabolism: lipid: sphingolipid","asah-1 is an ortholog of human ASAH1\; is predicted to have N-acylsphingosine amidohydrolase activity and ceramidase activity\; is expressed in the intestine\; human orthologs of this gene are implicated in Farber lipogranulomatosis."
"90","WBGene00010811","M01F1.5","Transmembrane transport","Transmembrane transport: lipid","Transmembrane transport: lipid","hmit-1.3 is an ortholog of human SLC2A13 (solute carrier family 2 member 13)\; is predicted to have transmembrane transporter activity\; localizes to the apical plasma membrane\; is expressed in the head, the intestine, and the nervous system."
"91","WBGene00010901","M28.10","Unassigned","Unassigned","Unassigned: regulated by multiple stresses","M28.10 is enriched in the intestine based on tiling array and RNA-seq studies\; is affected by several genes including daf-2, dpy-10, and clk-1 based on microarray, RNA-seq, and tiling array studies\; is affected by eleven chemicals including manganese chloride, nicotine, and stavudine based on RNA-seq, proteomic, and microarray studies."
"92","WBGene00010904","M88.1","Stress response","Stress response: detoxification","Stress response: detoxification: ugt","ugt-62 is an ortholog of human UGT1A6 (UDP glucuronosyltransferase family 1 member A6), UGT1A5 (UDP glucuronosyltransferase family 1 member A5), and UGT3A2 (UDP glycosyltransferase family 3 member A2)\; is predicted to have glucuronosyltransferase activity."
"93","WBGene00011182","R09H10.5","Unassigned","Unassigned","Unassigned","R09H10.5 is expressed in the intestine\; is predicted to encode a protein with the following domains: EGF-like domain and MD domain."
"94","WBGene00011262","R13H4.3","Lysosome","Lysosome: acid phosphatase","Lysosome: acid phosphatase","pho-8 is an ortholog of human ACP2 (acid phosphatase 2, lysosomal), ACP4 (acid phosphatase 4), and ACPP (acid phosphatase, prostate)\; human ACPP exhibits phosphatase activity and protein homodimerization activity."
"95","WBGene00011330","T01D3.6","Unassigned","Unassigned","Unassigned","T01D3.6 is predicted to have calcium ion binding activity."
"96","WBGene00011361","T01H10.8","Trafficking","Trafficking: unassigned","Trafficking: unassigned","lyst-1 is an ortholog of human LYST (lysosomal trafficking regulator) and NSMAF (neutral sphingomyelinase activation associated factor)\; is expressed in the nervous system and the pharyngeal cell\; human orthologs of this gene are implicated in Chediak-Higashi syndrome\; is predicted to encode a protein with the following domains: BEACH domain and BEACH domain superfamily."
"97","WBGene00011364","T02B5.3","Metabolism","Metabolism: unassigned","Metabolism: unassigned","T02B5.3 is an ortholog of human ACHE (acetylcholinesterase (Cartwright blood group)) and CES2 (carboxylesterase 2)\; is predicted to have hydrolase activity."
"98","WBGene00011671","T10B9.1","Stress response","Stress response: detoxification","Stress response: detoxification: CYP","cyp-13A4 is an ortholog of human TBXAS1 (thromboxane A synthase 1) and members of the human CYP3 (Cytochrome P450 family 3) gene family including CYP3A4, CYP3A7, and CYP3A5\; is predicted to have heme binding activity, iron ion binding activity, and oxidoreductase activity."
"99","WBGene00011672","T10B9.2","Stress response","Stress response: detoxification","Stress response: detoxification: CYP","cyp-13A5 is an ortholog of human TBXAS1 (thromboxane A synthase 1) and members of the human CYP3 (Cytochrome P450 family 3) gene family including CYP3A4, CYP3A7, and CYP3A5\; is predicted to have heme binding activity, iron ion binding activity, and oxidoreductase activity."
"100","WBGene00011674","T10B9.4","Stress response","Stress response: detoxification","Stress response: detoxification: CYP","cyp-13A8 is an ortholog of human TBXAS1 (thromboxane A synthase 1) and members of the human CYP3 (Cytochrome P450 family 3) gene family including CYP3A4, CYP3A7, and CYP3A5\; is predicted to have heme binding activity, iron ion binding activity, and oxidoreductase activity."
"101","WBGene00011798","T16G1.4","Unassigned","Unassigned","Unassigned: regulated by multiple stresses","T16G1.4 is enriched in several tissues, including the coelomocyte, the germ line, the intestine, and the nervous system based on proteomic, microarray, tiling array, and RNA-seq studies\; is affected by several genes including daf-16, daf-2, and glp-1 based on proteomic, microarray, RNA-seq, and tiling array studies\; is affected by seventeen chemicals including tryptophan, Tunicamycin, and Rifampin based on microarray and RNA-seq studies\; is predicted to encode a protein with the following domains: Protein kinase-like domain superfamily, Uncharacterised  oxidoreductase Dhs-27, and CHK kinase-like."
"102","WBGene00011803","T16G12.1","Proteolysis general","Proteolysis general: metallopeptidase","Proteolysis general: metallopeptidase","T16G12.1 is an ortholog of human LNPEP, ERAP1, and ERAP2\; is predicted to have aminopeptidase activity, metallopeptidase activity, and zinc ion binding activity\; is involved in embryo development, regulation of meiotic cell cycle process involved in oocyte maturation, and regulation of oviposition."
"103","WBGene00011893","T21C9.6","Signaling","Signaling: unassigned","Signaling: unassigned","T21C9.6 is predicted to have ATP binding activity and kinase activity."
"104","WBGene00012144","T28H10.3","Proteolysis general","Proteolysis general: aspartate","Proteolysis general: aspartate: unassigned","T28H10.3 is an ortholog of human LGMN\; is predicted to have peptidase activity\; is expressed in several tissues, including the Eala, the Ealp, the Eara, the Earp, and the Epla."
"105","WBGene00012404","Y6G8.2","Unassigned","Unassigned","Unassigned: regulated by multiple stresses","Y6G8.2 is enriched in the OLL, the PVD, and the intestine based on microarray and RNA-seq studies\; is affected by several genes including daf-16, daf-2, and glp-1 based on microarray and RNA-seq studies\; is affected by four chemicals including Tunicamycin, D-glucopyranose, and tert-Butylhydroperoxide based on microarray and RNA-seq studies\; is predicted to encode a protein with the following domains: F-box domain and Domain of unknown function DUF38, Caenorhabditis species."
"106","WBGene00012445","Y16B4A.2","Proteolysis general","Proteolysis general: cysteine","Proteolysis general: cysteine: cathepsin","Y16B4A.2 is an ortholog of human CTSA (cathepsin A)\; is predicted to have serine-type carboxypeptidase activity\; localizes to the membrane raft."
"107","WBGene00012491","Y20C6A.1","Proteolysis proteasome","Proteolysis proteasome: E3","Proteolysis proteasome: E3: F box","Y20C6A.1 is enriched in the intestine based on RNA-seq studies\; is affected by several genes including daf-16, daf-2, and skn-1 based on microarray and RNA-seq studies\; is affected by four chemicals including Tunicamycin, levamisole, and resveratrol based on microarray studies\; is predicted to encode a protein with the following domains: F-box domain and Domain of unknown function DUF38, Caenorhabditis species."
"108","WBGene00012782","Y43C5A.2","Unassigned","Unassigned","Unassigned: regulated by multiple stresses","Y43C5A.2 is an ortholog of human ANGPTL7, ANGPTL5, and ANGPTL2\; is predicted to encode a protein with the following domains: Fibrinogen, alpha\/beta\/gamma chain, C-terminal globular domain and Fibrinogen-like, C-terminal."
"109","WBGene00012959","Y47H10A.3","Unassigned","Unassigned","Unassigned: regulated by multiple stresses","Y47H10A.3 is enriched in the intestine based on RNA-seq studies\; is affected by several genes including daf-16, skn-1, and clk-1 based on microarray, tiling array, and RNA-seq studies\; is affected by six chemicals including methylmercuric chloride, Tunicamycin, and bisphenol A based on microarray and RNA-seq studies\; is predicted to encode a protein with the following domain: RAI1-like family."
"110","WBGene00013439","Y66D12A.13","Transmembrane transport","Transmembrane transport: solute carrier","Transmembrane transport: solute carrier","Y66D12A.13 is an ortholog of human SLC22A15 (solute carrier family 22 member 15)\; is predicted to have transmembrane transporter activity."
"111","WBGene00013541","Y75B8A.4","Proteolysis general","Proteolysis general: unassigned","Proteolysis general: unassigned","lonp-2 is an ortholog of human LONP2 (lon peptidase 2, peroxisomal)\; is predicted to have ATP binding activity, ATP-dependent peptidase activity, and serine-type endopeptidase activity\; is expressed in the intestine."
"112","WBGene00013654","Y105C5B.15","Lysosome","Lysosome: acid phosphatase","Lysosome: acid phosphatase","Y105C5B.15 is an ortholog of human ACP7\; is predicted to have acid phosphatase activity and metal ion binding activity."
"113","WBGene00013762","Y113G7B.12","Unassigned","Unassigned","Unassigned: regulated by multiple stresses","Y113G7B.12 is an ortholog of human COL24A1 (collagen type XXIV alpha 1 chain)\; is predicted to encode a protein with the following domains: Reverse transcriptase domain, Endonuclease\/exonuclease\/phosphatase, and Endonuclease\/exonuclease\/phosphatase superfamily."
"114","WBGene00013904","ZC455.4","Stress response","Stress response: detoxification","Stress response: detoxification: ugt","ugt-6 is an ortholog of human UGT3A1 (UDP glycosyltransferase family 3 member A1) and UGT3A2 (UDP glycosyltransferase family 3 member A2)\; is predicted to have glucuronosyltransferase activity."
"115","WBGene00013905","ZC455.5","Stress response","Stress response: detoxification","Stress response: detoxification: ugt","ugt-4 is an ortholog of human UGT3A1 (UDP glycosyltransferase family 3 member A1) and UGT3A2 (UDP glycosyltransferase family 3 member A2)\; is predicted to have glucuronosyltransferase activity."
"116","WBGene00014046","ZK666.6","Stress response","Stress response: C-type Lectin","Stress response: C-type Lectin","clec-60 is predicted to have carbohydrate binding activity\; is involved in defense response to Gram-positive bacterium\; is expressed in the intestine."
"117","WBGene00014047","ZK666.7","Stress response","Stress response: C-type Lectin","Stress response: C-type Lectin","clec-61 is predicted to have carbohydrate binding activity\; is involved in defense response to Gram-positive bacterium."
"118","WBGene00014252","ZK1320.2","Stress response","Stress response: pathogen","Stress response: pathogen: unassigned","ZK1320.2 is involved in innate immune response."
"119","WBGene00015044","B0213.15","Stress response","Stress response: detoxification","Stress response: detoxification: CYP","cyp-34A9 is an ortholog of human CYP21A2 (cytochrome P450 family 21 subfamily A member 2) and members of the human CYP2 (Cytochrome P450 family 2) gene family including CYP2R1, CYP2U1, and CYP2J2\; is predicted to have heme binding activity, iron ion binding activity, and oxidoreductase activity\; is expressed in the intestine\; human orthologs of this gene are implicated in congenital adrenal hyperplasia."
"120","WBGene00015048","B0218.2","Metabolism","Metabolism: lipid","Metabolism: lipid: fatty acid","faah-2 is an ortholog of human FAAH\; is predicted to have amidase activity."
"121","WBGene00015052","B0218.8","Stress response","Stress response: C-type Lectin","Stress response: C-type Lectin","clec-52 is an ortholog of human COLEC11, CD302, and LY75\; is predicted to have carbohydrate binding activity\; is involved in defense response to Gram-positive bacterium\; is expressed in the intestine, the nervous system, and the pharynx."
"122","WBGene00015280","C01B10.6","Unassigned","Unassigned","Unassigned: regulated by multiple stresses","C01B10.6 is enriched in the BAG, the OLL, the PVD, the intestine, and the pharyngeal muscle cell based on microarray, tiling array, and RNA-seq studies\; is affected by several genes including daf-16, daf-2, and skn-1 based on microarray, proteomic, RNA-seq, and tiling array studies\; is affected by seventeen chemicals including Ethanol, 1-methylnicotinamide, and manganese chloride based on RNA-seq and microarray studies."
"123","WBGene00015369","C03A7.11","Stress response","Stress response: detoxification","Stress response: detoxification: ugt","ugt-51 is an ortholog of human UGT3A1 (UDP glycosyltransferase family 3 member A1) and UGT3A2 (UDP glycosyltransferase family 3 member A2)\; is predicted to have transferase activity, transferring hexosyl groups."
"124","WBGene00015403","C03H5.1","Stress response","Stress response: C-type Lectin","Stress response: C-type Lectin","clec-10 is an ortholog of human CLEC3A (C-type lectin domain family 3 member A) and CLEC3B (C-type lectin domain family 3 member B)\; is predicted to have carbohydrate binding activity."
"125","WBGene00015756","C14C6.2","Unassigned","Unassigned","Unassigned","C14C6.2 is enriched in the OLL, the PVD, and the intestine based on microarray, tiling array, and RNA-seq studies\; is affected by several genes including daf-16, daf-2, and glp-1 based on microarray, tiling array, and RNA-seq studies\; is affected by eight chemicals including Ethanol, D-glucopyranose, and stavudine based on RNA-seq and microarray studies\; is predicted to encode a protein with the following domain: ShKT domain."
"126","WBGene00015759","C14C6.5","Stress response","Stress response: pathogen","Stress response: pathogen: ShK","C14C6.5 is involved in innate immune response."
"127","WBGene00015884","C17B7.10","Proteolysis general","Proteolysis general: metallopeptidase","Proteolysis general: metallopeptidase","C17B7.10 is enriched in the germ line based on RNA-seq studies\; is affected by several genes including daf-16, daf-12, and sir-2.1 based on RNA-seq, microarray, and tiling array studies\; is affected by methylmercuric chloride, Mercuric Chloride, and tert-Butylhydroperoxide based on microarray and RNA-seq studies."
"128","WBGene00015886","C17B7.12","Unassigned","Unassigned","Unassigned","C17B7.12 is enriched in the nervous system based on tiling array studies\; is affected by several genes including clk-1, sir-2.1, and hcf-1 based on microarray and RNA-seq studies\; is affected by five chemicals including hydrogen sulfide, Ethanol, and Tunicamycin based on microarray and RNA-seq studies."
"129","WBGene00015956","C18B2.5","Unassigned","Unassigned","Unassigned","C18B2.5 is an ortholog of human SEPT4 (septin 4) and SEPT5 (septin 5)\; human SEPT4 exhibits several functions, including GTP binding activity, GTPase activity, and magnesium ion binding activity."
"130","WBGene00016048","C24B9.3","Extracellular material","Extracellular material: matrix","Extracellular material: matrix","C24B9.3 is enriched in the intestine based on tiling array and RNA-seq studies\; is affected by several genes including daf-16, daf-12, and let-7 based on microarray, proteomic, and RNA-seq studies\; is affected by eleven chemicals including methylmercuric chloride, stavudine, and Cry5B based on microarray and RNA-seq studies\; is predicted to encode a protein with the following domains: von Willebrand factor, type A and von Willebrand factor A-like domain superfamily."
"131","WBGene00016052","C24B9.9","Transmembrane protein","Transmembrane protein: unassigned","Transmembrane protein: unassigned","dod-3 is an ortholog of human DEPDC4 and DEPDC7."
"132","WBGene00016164","C27D9.2","Unassigned","Unassigned","Unassigned: regulated by multiple stresses","C27D9.2 is enriched in dopaminergic neurons, the OLL, the PVD, the intestine, and the male based on tiling array, RNA-seq, and microarray studies\; is affected by several genes including lin-4, lin-14, and hsf-1 based on microarray, tiling array, and RNA-seq studies\; is affected by seven chemicals including methylmercuric chloride, multi-walled carbon nanotube, and nanoparticle based on microarray and RNA-seq studies\; is predicted to encode a protein with the following domains: Transthyretin-like and Transthyretin-like superfamily."
"133","WBGene00016174","C27H5.4","Transmembrane transport","Transmembrane transport: major facilitator","Transmembrane transport: major facilitator","C27H5.4 is an ortholog of human MFSD13A\; is predicted to encode a protein with the following domain: MFS transporter superfamily."
"134","WBGene00016265","C30F12.6","Signaling","Signaling: heteromeric G protein","Signaling: heteromeric G protein: receptor","trhr-1 is an ortholog of human TRHR (thyrotropin releasing hormone receptor)\; is predicted to have thyrotropin-releasing hormone receptor activity\; is expressed in the intestine and the pharynx."
"135","WBGene00016657","C44E12.1","Metabolism","Metabolism: unassigned","Metabolism: unassigned","C44E12.1 is predicted to have hydrolase activity."
"136","WBGene00016669","C45G7.2","Stress response","Stress response: pathogen","Stress response: pathogen: unassigned","ilys-2 is predicted to have lysozyme activity\; is involved in defense response to Gram-positive bacterium\; is expressed in the nerve ring and the pm3."
"137","WBGene00016670","C45G7.3","Proteolysis general","Proteolysis general: lysozyme","Proteolysis general: lysozyme","ilys-3 exhibits lysozyme activity\; is involved in defense response to Gram-positive bacterium and determination of adult lifespan\; localizes to the cytoplasmic part, extracellular space, and intracellular organelle\; is expressed in the alimentary system, the coelomocyte, the digestive tract, and the epithelial system."
"138","WBGene00016731","C46H11.7","Unassigned","Unassigned","Unassigned","C46H11.7 is enriched in the intestine based on RNA-seq studies\; is affected by several genes including daf-16, skn-1, and daf-12 based on microarray, tiling array, and RNA-seq studies\; is affected by six chemicals including stavudine, Zidovudine, and Diazinon based on RNA-seq and microarray studies\; is predicted to encode a protein with the following domain: ShKT domain."
"139","WBGene00016733","C46H11.9","Unassigned","Unassigned","Unassigned","phat-2 is involved in pharyngeal gland morphogenesis\; is expressed in the g1AL, the g1AR, the g1P, the g2L, and the g2R."
"140","WBGene00016781","C49G7.3","Unassigned","Unassigned","Unassigned","C49G7.3 is enriched in the germ line, the intestine, and the nervous system based on proteomic, tiling array, and microarray studies\; is affected by several genes including daf-2, glp-1, and dpy-10 based on microarray and RNA-seq studies\; is affected by thirteen chemicals including Ethanol, Rotenone, and D-glucose based on RNA-seq and microarray studies\; is predicted to encode a protein with the following domain: ShKT domain."
"141","WBGene00016845","C50F7.5","Unassigned","Unassigned","Unassigned: regulated by multiple stresses","C50F7.5 is expressed in several tissues, including the ABalapap, the ABalpaaa, the ABalpaapa, the ABalpaapp, and the DR muscle."
"142","WBGene00016883","C52E2.4","Unassigned","Unassigned","Unassigned: regulated by multiple stresses","C52E2.4 is enriched in the intestine based on tiling array, RNA-seq, and microarray studies\; is affected by several genes including daf-2, clk-1, and elt-2 based on microarray and RNA-seq studies\; is affected by seven chemicals including D-glucose, stavudine, and Zidovudine based on RNA-seq and microarray studies\; is predicted to encode a protein with the following domain: Domain of unknown function DUF38, Caenorhabditis species."
"143","WBGene00016912","C54D1.2","Stress response","Stress response: C-type Lectin","Stress response: C-type Lectin","clec-86 is an ortholog of human REG1B (regenerating 1 beta), REG3A (regenerating 3 alpha), and REG4 (regenerating 4)\; is predicted to have carbohydrate binding activity\; is involved in innate immune response."
"144","WBGene00016997","D1005.3","Transcription factor","Transcription factor: bZIP","Transcription factor: bZIP","cebp-1 is an ortholog of human CEBPG (CCAAT enhancer binding protein gamma)\; is involved in several processes, including activation of MAPK activity, generation of neurons, and regulation of nervous system development\; localizes to the cytoplasm, nucleus, and synapse\; is expressed in several tissues, including the alimentary system, the hypodermis, the muscle cell, and the nervous system."
"145","WBGene00017012","D1009.1","Metabolism","Metabolism: lipid","Metabolism: lipid: fatty acid","acs-22 is an ortholog of human SLC27A1 (solute carrier family 27 member 1) and SLC27A4 (solute carrier family 27 member 4)\; is predicted to have catalytic activity\; localizes to the endoplasmic reticulum\; is expressed in head neurons, the hypodermis, and the pharynx."
"146","WBGene00017071","D2096.3","Metabolism","Metabolism: carbohydrate","Metabolism: carbohydrate","aagr-1 is an ortholog of human MGAM (maltase-glucoamylase)\; exhibits alpha-1,4-glucosidase activity\; is involved in glycogen catabolic process."
"147","WBGene00017310","F09G2.1","Signaling","Signaling: Y kinase","Signaling: Y kinase","F09G2.1 is an ortholog of human RP11-231C18.3, KDR, and FLT4\; is predicted to have protein tyrosine kinase activity."
"148","WBGene00017312","F09G2.3","Transmembrane transport","Transmembrane transport: solute carrier","Transmembrane transport: solute carrier","pitr-5 is an ortholog of human SLC20A1 (solute carrier family 20 member 1) and SLC20A2 (solute carrier family 20 member 2)\; is predicted to have inorganic phosphate transmembrane transporter activity\; human orthologs of this gene are implicated in basal ganglia calcification."
"149","WBGene00017322","F09G8.8","Stress response","Stress response: C-type Lectin","Stress response: C-type Lectin","clec-160 is predicted to have carbohydrate binding activity."
"150","WBGene00017364","F10G2.3","Stress response","Stress response: C-type Lectin","Stress response: C-type Lectin","clec-7 is an ortholog of human CLEC3A (C-type lectin domain family 3 member A) and CLEC3B (C-type lectin domain family 3 member B)\; is predicted to have carbohydrate binding activity\; is involved in defense response to Gram-positive bacterium."
"151","WBGene00017487","F15E6.6","Metabolism","Metabolism: nucleotide","Metabolism: nucleotide","F15E6.6 is an ortholog of human AOX1 and XDH\; is predicted to have several functions, including 2 iron, 2 sulfur cluster binding activity, electron transfer activity, and flavin adenine dinucleotide binding activity."
"152","WBGene00017592","F19C7.2","Proteolysis general","Proteolysis general: serine","Proteolysis general: serine","F19C7.2 is an ortholog of human PRSS16 (serine protease 16)\; is predicted to have serine-type peptidase activity."
"153","WBGene00017892","F28B4.3","Stress response","Stress response: C-type Lectin","Stress response: C-type Lectin","F28B4.3 is enriched in the intestine and the pharyngeal muscle cell based on tiling array and RNA-seq studies\; is affected by several genes including daf-16, daf-2, and skn-1 based on microarray, proteomic, and RNA-seq studies\; is affected by fifteen chemicals including Rotenone, manganese chloride, and Mianserin based on RNA-seq and microarray studies\; is predicted to encode a protein with the following domains: EGF-like domain, C-type lectin-like, von Willebrand factor, type A, MD domain, C-type lectin-like\/link domain superfamily, C-type lectin fold, and von Willebrand factor A-like domain superfamily."
"154","WBGene00018286","F41E6.5","Metabolism","Metabolism: mitochondria","Metabolism: mitochondria: unassigned","F41E6.5 is an ortholog of human HAO1 and HAO2\; is predicted to have FMN binding activity and oxidoreductase activity\; is expressed in the intestine and the pharynx."
"155","WBGene00018351","F42G2.2","Unassigned","Unassigned","Unassigned: regulated by multiple stresses","F42G2.2 is enriched in the Z1, the Z4, the intestine, and the pharyngeal muscle cell based on tiling array and RNA-seq studies\; is affected by several genes including daf-2, dpy-10, and hsf-1 based on microarray and RNA-seq studies\; is affected by nine chemicals including Heme, D-glucopyranose, and sesamin based on microarray and RNA-seq studies\; is predicted to encode a protein with the following domains: F-box domain and Domain of unknown function DUF38, Caenorhabditis species."
"156","WBGene00018384","F43C11.7","Extracellular material","Extracellular material: matrix","Extracellular material: matrix","F43C11.7 is an ortholog of human TRIM11, TRIM38, and TRIM41\; is predicted to have zinc ion binding activity\; is involved in defense response to Gram-positive bacterium and determination of adult lifespan."
"157","WBGene00018527","F47B3.3","Transmembrane protein","Transmembrane protein: unassigned","Transmembrane protein: unassigned","F47B3.3 is an ortholog of human CMTM8 (CKLF like MARVEL transmembrane domain containing 8) and PLLP (plasmolipin)."
"158","WBGene00018602","F48D6.4","Unassigned","Unassigned","Unassigned: regulated by multiple stresses","F48D6.4 is enriched in the ASER, the intestine, and the muscle cell based on tiling array, RNA-seq, and microarray studies\; is affected by several genes including daf-16, daf-2, and dpy-10 based on microarray and RNA-seq studies\; is affected by twelve chemicals including Ethanol, methylmercuric chloride, and Rotenone based on RNA-seq and microarray studies."
"159","WBGene00018616","F48G7.5","Unassigned","Unassigned","Unassigned: regulated by multiple stresses","F48G7.5 is enriched in the intestine based on tiling array, RNA-seq, and microarray studies\; is affected by several genes including daf-16, daf-2, and skn-1 based on microarray, tiling array, and RNA-seq studies\; is affected by fifteen chemicals including Heme, 1-methylnicotinamide, and Rotenone based on microarray and RNA-seq studies\; is predicted to encode a protein with the following domain: ShKT domain."
"160","WBGene00018619","F48G7.8","Unassigned","Unassigned","Unassigned","F48G7.8 is enriched in the intestine based on tiling array, RNA-seq, and microarray studies\; is affected by several genes including daf-16, daf-2, and daf-12 based on microarray, tiling array, and RNA-seq studies\; is affected by five chemicals including Heme, Chlorpyrifos, and Diazinon based on microarray studies\; is predicted to encode a protein with the following domain: ShKT domain."
"161","WBGene00018764","F53F10.2","Metabolism","Metabolism: polyamine","Metabolism: polyamine","F53F10.2 is an ortholog of human AZIN1, AZIN2, and Odc1\; is predicted to have catalytic activity."
"162","WBGene00019060","F58F9.7","Metabolism","Metabolism: lipid","Metabolism: lipid: beta oxidation","acox-3 is an ortholog of human ACOX3\; is predicted to have FAD binding activity and acyl-CoA oxidase activity."
"163","WBGene00019105","F59D6.3","Proteolysis general","Proteolysis general: aspartate","Proteolysis general: aspartate: cathepsin","asp-8 is an ortholog of human PGA4, NAPSA, and PGA5\; is predicted to have aspartic-type endopeptidase activity."
"164","WBGene00019261","H34I24.2","Unassigned","Unassigned","Unassigned: regulated by multiple stresses","H34I24.2 is enriched in the OLL, the PVD, the intestine, and the pharyngeal muscle cell based on microarray, tiling array, and RNA-seq studies\; is affected by several genes including daf-16, daf-2, and skn-1 based on microarray, proteomic, RNA-seq, and tiling array studies\; is affected by nine chemicals including manganese chloride, Mianserin, and Chlorpyrifos based on RNA-seq and microarray studies."
"165","WBGene00019273","H43E16.1","Transmembrane protein","Transmembrane protein: unassigned","Transmembrane protein: unassigned","H43E16.1 is enriched in the OLL, the PVD, and the intestine based on microarray and RNA-seq studies\; is affected by several genes including daf-16, daf-2, and glp-1 based on microarray, tiling array, and RNA-seq studies\; is affected by fourteen chemicals including hydrogen sulfide, Rotenone, and D-glucopyranose based on microarray and RNA-seq studies."
"166","WBGene00019351","K03A1.2","Transmembrane protein","Transmembrane protein: unassigned","Transmembrane protein: unassigned","lron-7 is an ortholog of human OPTC\; is expressed in the head\; is predicted to encode a protein with the following domains: Cysteine-rich flanking region, C-terminal, Leucine-rich repeat, Leucine-rich repeat, typical subtype, and Leucine-rich repeat domain superfamily."
"167","WBGene00019421","K05F6.10","Unassigned","Unassigned","Unassigned: regulated by multiple stresses","K05F6.10 is enriched in GABAergic neurons, the coelomocyte, and the intestine based on tiling array and RNA-seq studies\; is affected by several genes including daf-16, clk-1, and elt-2 based on RNA-seq and microarray studies\; is affected by eight chemicals including methylmercury hydroxide, Tunicamycin, and Ethanol based on RNA-seq and microarray studies\; is predicted to encode a protein with the following domain: MATH\/TRAF domain."
"168","WBGene00019435","K06A9.1","Transmembrane protein","Transmembrane protein: unassigned","Transmembrane protein: unassigned","K06A9.1 is enriched in the OLL, the PLM, the PVD, the intestine, and the pharyngeal muscle cell based on microarray, tiling array, and RNA-seq studies\; is affected by several genes including daf-2, glp-1, and let-7 based on RNA-seq, proteomic, and microarray studies\; is affected by nine chemicals including hydrogen sulfide, methylmercuric chloride, and Zidovudine based on microarray and RNA-seq studies."
"169","WBGene00019493","K07E3.7","Transmembrane transport","Transmembrane transport: unassigned","Transmembrane transport: unassigned","catp-5 is an ortholog of human ATP13A3 (ATPase 13A3)\; is predicted to have ATP binding activity, ATPase activity, and metal ion binding activity\; is expressed in the excretory cell and the intestine\; human orthologs of this gene are implicated in Kufor-Rakeb syndrome."
"170","WBGene00019532","K08D10.9","Pseudogene","Pseudogene","Pseudogene","K08D10.9 is enriched in the intestine based on microarray studies\; is affected by several genes including daf-16, glp-1, and hsf-1 based on microarray and RNA-seq studies\; is affected by Rotenone and Sirolimus based on RNA-seq and microarray studies."
"171","WBGene00019617","K10C2.1","Proteolysis general","Proteolysis general: cysteine","Proteolysis general: cysteine: cathepsin","K10C2.1 is an ortholog of human CTSA (cathepsin A)\; is predicted to have serine-type carboxypeptidase activity\; localizes to the membrane raft\; is expressed in the intestine."
"172","WBGene00019623","K10C9.1","Unassigned","Unassigned","Unassigned","K10C9.1 is enriched in the amphid sensillum, the muscle cell, and the nervous system based on tiling array, RNA-seq, and microarray studies\; is affected by several genes including daf-16, daf-12, and clk-1 based on microarray and RNA-seq studies\; is affected by D-glucose and indole based on RNA-seq and microarray studies."
"173","WBGene00019717","M01H9.1","Stress response","Stress response: unassigned","Stress response: unassigned","trx-3 localizes to the apical plasma membrane, cytoplasm, and nucleus\; is expressed in the intestine."
"174","WBGene00019917","R07C3.1","Stress response","Stress response: C-type Lectin","Stress response: C-type Lectin","clec-43 is predicted to have carbohydrate binding activity."
"175","WBGene00019931","R07C12.1","Unassigned","Unassigned","Unassigned: regulated by multiple stresses","R07C12.1 is enriched in dopaminergic neurons and the DA neuron based on tiling array and microarray studies\; is affected by several genes including daf-16, daf-2, and glp-1 based on microarray, tiling array, and RNA-seq studies\; is affected by thirteen chemicals including Tunicamycin, levamisole, and procyanidin based on microarray and RNA-seq studies."
"176","WBGene00019932","R07C12.2","Pseudogene","Pseudogene","Pseudogene","R07C12.2 is enriched in the OLL, the PVD, and the intestine based on tiling array and RNA-seq studies\; is affected by several genes including daf-16, daf-2, and glp-1 based on microarray, tiling array, and RNA-seq studies\; is affected by Colistin based on microarray studies."
"177","WBGene00019957","R08E3.1","Unassigned","Unassigned","Unassigned: regulated by multiple stresses","R08E3.1 is enriched in the intestine and the pharyngeal muscle cell based on tiling array and RNA-seq studies\; is affected by several genes including daf-2, glp-1, and let-7 based on microarray, proteomic, and RNA-seq studies\; is affected by fifteen chemicals including methylmercuric chloride, Rotenone, and D-glucopyranose based on microarray and RNA-seq studies\; is predicted to encode a protein with the following domain: EGF-like domain."
"178","WBGene00020016","R11G11.14","Metabolism","Metabolism: lipid","Metabolism: lipid: lipase","lipl-3 is an ortholog of human LIPJ (lipase J), LIPK (lipase K), and LIPF (lipase F, gastric type)\; is predicted to have hydrolase activity, acting on ester bonds\; localizes to the lysosome\; human orthologs of this gene are implicated in autosomal recessive congenital ichthyosis 8 and lysosomal and lipase deficiency."
"179","WBGene00020158","T02C5.1","Transmembrane protein","Transmembrane protein: unassigned","Transmembrane protein: unassigned","T02C5.1 is enriched in the coelomocyte, the intestine, and the pharyngeal muscle cell based on tiling array, RNA-seq, proteomic, and microarray studies\; is affected by several genes including daf-2, glp-1, and lin-4 based on RNA-seq and microarray studies\; is affected by ten chemicals including Cry5B, Alovudine, and stavudine based on RNA-seq and microarray studies\; is predicted to encode a protein with the following domain: TNFR\/NGFR cysteine-rich region."
"180","WBGene00020326","T07H3.3","Stress response","Stress response: pathogen","Stress response: pathogen: unassigned","math-38 is involved in defense response to Gram-positive bacterium."
"181","WBGene00020386","T09H2.1","Stress response","Stress response: detoxification","Stress response: detoxification: CYP","cyp-34A4 is an ortholog of human CYP21A2 (cytochrome P450 family 21 subfamily A member 2) and members of the human CYP2 (Cytochrome P450 family 2) gene family including CYP2R1, CYP2U1, and CYP2J2\; is predicted to have heme binding activity, iron ion binding activity, and oxidoreductase activity\; human orthologs of this gene are implicated in congenital adrenal hyperplasia."
"182","WBGene00020576","T19D12.1","Transmembrane protein","Transmembrane protein: unassigned","Transmembrane protein: unassigned","T19D12.1 is enriched in the OLL, the PVD, and the intestine based on microarray, tiling array, and RNA-seq studies\; is affected by several genes including daf-16, glp-1, and let-7 based on microarray, RNA-seq, and proteomic studies\; is affected by thirteen chemicals including hydrogen sulfide, Rotenone, and Zidovudine based on microarray and RNA-seq studies."
"183","WBGene00020649","T21D12.9","Signaling","Signaling: TGF beta","Signaling: TGF beta","sma-10 is an ortholog of human LRIG1 (leucine rich repeats and immunoglobulin like domains 1), LRIG2 (leucine rich repeats and immunoglobulin like domains 2), and LRIG3 (leucine rich repeats and immunoglobulin like domains 3)\; exhibits type I transforming growth factor beta receptor binding activity and type II transforming growth factor beta receptor binding activity\; is involved in several processes, including positive regulation of growth, positive regulation of transforming growth factor beta receptor signaling pathway, and regulation of mesodermal cell fate specification\; localizes to the integral component of plasma membrane\; is expressed in the hypodermis, the intestine, the pharynx, and the rectal gland cell."
"184","WBGene00020788","T25B6.2","Proteolysis general","Proteolysis general: metallopeptidase","Proteolysis general: metallopeptidase","nep-22 is an ortholog of human ECEL1 (endothelin converting enzyme like 1), MME, and PHEX (phosphate regulating endopeptidase homolog X-linked)\; is predicted to have metalloendopeptidase activity\; localizes to the membrane raft."
"185","WBGene00020813","T25G12.6","Transmembrane protein","Transmembrane protein: unassigned","Transmembrane protein: unassigned","T25G12.6 is enriched in the intestine based on RNA-seq studies\; is affected by several genes including daf-2, glp-1, and let-7 based on proteomic, RNA-seq, and microarray studies\; is affected by four chemicals including nicotine, stavudine, and Cry5B based on proteomic, RNA-seq, and microarray studies\; is predicted to encode a protein with the following domains: von Willebrand factor, type A and von Willebrand factor A-like domain superfamily."
"186","WBGene00020832","T26C12.2","Transmembrane protein","Transmembrane protein: unassigned","Transmembrane protein: unassigned","T26C12.2 is enriched in dopaminergic neurons based on tiling array studies\; is affected by several genes including daf-2, age-1, and clk-1 based on microarray and RNA-seq studies\; is affected by four chemicals including Tunicamycin, multi-walled carbon nanotube, and Cadmium based on microarray and RNA-seq studies."
"187","WBGene00020882","T28A11.20","Proteolysis general","Proteolysis general: metallopeptidase","Proteolysis general: metallopeptidase","T28A11.20 is affected by several genes including daf-16, age-1, and daf-12 based on microarray, tiling array, and RNA-seq studies\; is affected by eight chemicals including hydrogen sulfide, methylmercuric chloride, and Tunicamycin based on microarray and RNA-seq studies."
"188","WBGene00020954","W02G9.4","Stress response","Stress response: pathogen","Stress response: pathogen: unassigned","W02G9.4 is an ortholog of human PCOLCE and PCOLCE2\; human PCOLCE exhibits collagen binding activity, heparin binding activity, and peptidase activator activity."
"189","WBGene00020981","W03D2.6","Pseudogene","Pseudogene","Pseudogene","W03D2.6 is enriched in the OLL, the PVD, and the intestine based on microarray studies\; is affected by several genes including daf-16, daf-2, and glp-1 based on microarray, tiling array, and RNA-seq studies\; is affected by eight chemicals including Rotenone, manganese chloride, and D-glucopyranose based on RNA-seq and microarray studies."
"190","WBGene00021002","W03F9.4","Metabolism","Metabolism: lipid","Metabolism: lipid: beta oxidation","W03F9.4 is an ortholog of human CPT1A, CPT1B, and CPT1C\; is predicted to have transferase activity, transferring acyl groups."
"191","WBGene00021167","Y5H2B.5","Stress response","Stress response: detoxification","Stress response: detoxification: CYP","cyp-32B1 is an ortholog of human CYP19A1 (cytochrome P450 family 19 subfamily A member 1) and CYP4V2 (cytochrome P450 family 4 subfamily V member 2)\; is predicted to have heme binding activity, iron ion binding activity, and oxidoreductase activity."
"192","WBGene00021503","Y40D12A.2","Proteolysis general","Proteolysis general: cysteine","Proteolysis general: cysteine: cathepsin","ctsa-2 is an ortholog of human CTSA (cathepsin A)\; is predicted to have serine-type carboxypeptidase activity\; localizes to the membrane raft."
"193","WBGene00021580","Y46C8AL.2","Stress response","Stress response: C-type Lectin","Stress response: C-type Lectin","clec-174 is predicted to have carbohydrate binding activity."
"194","WBGene00021582","Y46C8AL.4","Stress response","Stress response: C-type Lectin","Stress response: C-type Lectin","clec-71 is predicted to have carbohydrate binding activity\; is involved in defense response to Gram-positive bacterium."
"195","WBGene00022181","Y71H2AM.16","Lysosome","Lysosome: acid phosphatase","Lysosome: acid phosphatase","pho-9 is an ortholog of human ACP2 (acid phosphatase 2, lysosomal), ACP4 (acid phosphatase 4), and ACPP (acid phosphatase, prostate)\; human ACPP exhibits phosphatase activity and protein homodimerization activity."
"196","WBGene00022413","Y102A11A.3","Unassigned","Unassigned","Unassigned: regulated by multiple stresses","Y102A11A.3 is enriched in the AFD, the OLL, the PVD, the coelomocyte, and the intestine based on microarray, tiling array, and RNA-seq studies\; is affected by several genes including dpy-10, hsf-1, and elt-2 based on microarray, tiling array, and RNA-seq studies\; is affected by eleven chemicals including D-glucose, stavudine, and Zidovudine based on RNA-seq and microarray studies."
"197","WBGene00022490","Y119D3B.13","Unassigned","Unassigned","Unassigned: regulated by multiple stresses","Y119D3B.13 is enriched in the intestine based on tiling array and RNA-seq studies\; is affected by several genes including daf-2, glp-1, and dpy-10 based on microarray, RNA-seq, and tiling array studies\; is affected by nine chemicals including Ethanol, methylmercuric chloride, and Rotenone based on RNA-seq and microarray studies."
"198","WBGene00022538","ZC190.4","Nucleic acid","Nucleic acid: binding","Nucleic acid: binding: unassigned","ZC190.4 is an ortholog of human SAMD4A (sterile alpha motif domain containing 4A) and SAMD4B\; human SAMD4A exhibits translation repressor activity."
"199","WBGene00022673","ZK177.8","Metabolism","Metabolism: unassigned","Metabolism: unassigned","ZK177.8 is an ortholog of human SAMHD1 (SAM and HD domain containing deoxynucleoside triphosphate triphosphohydrolase 1)\; is expressed in several tissues, including the alimentary system, the epithelial system, the muscular system, the nervous system, and the reproductive system\; human orthologs of this gene are implicated in Aicardi-Goutieres syndrome and Chilblain lupus\; human SAMHD1 exhibits several functions, including RNA binding activity, dGTP binding activity, and hydrolase activity, acting on ester bonds."
"200","WBGene00022858","ZK1193.2","Unassigned","Unassigned","Unassigned: regulated by multiple stresses","ZK1193.2 is enriched in the DA neuron, the I5 neuron, the SAB, the intestine, and the retrovesicular ganglion based on RNA-seq and microarray studies\; is affected by several genes including daf-16, daf-2, and glp-1 based on microarray, tiling array, proteomic, and RNA-seq studies\; is affected by fifteen chemicals including Ethanol, methylmercuric chloride, and Mercuric Chloride based on RNA-seq and microarray studies\; is predicted to encode a protein with the following domains: von Willebrand factor, type A and von Willebrand factor A-like domain superfamily."
"201","WBGene00043062","Y54G2A.39","Stress response","Stress response: C-type Lectin","Stress response: C-type Lectin","clec-80 is predicted to have carbohydrate binding activity."
"202","WBGene00043702",NA,NA,NA,NA,NA
"203","WBGene00050904","Y70C5A.3","Unassigned","Unassigned","Unassigned: regulated by multiple stresses","Y70C5A.3 is enriched in the intestine based on tiling array and RNA-seq studies\; is affected by several genes including daf-2, glp-1, and dpy-10 based on microarray and RNA-seq studies\; is affected by seven chemicals including Tunicamycin, levamisole, and stavudine based on microarray and RNA-seq studies\; is predicted to encode a protein with the following domains: F-box domain and Domain of unknown function DUF38, Caenorhabditis species."
"204","WBGene00077757","E02H4.7","Unassigned","Unassigned","Unassigned","E02H4.7 is enriched in the intestine based on RNA-seq studies\; is affected by several genes including daf-16, daf-2, and clk-1 based on RNA-seq, microarray, and tiling array studies\; is affected by eight chemicals including Rotenone, manganese chloride, and D-glucose based on RNA-seq and microarray studies."
"205","WBGene00219216","K08D10.14","Unassigned","Unassigned","Unassigned","K08D10.14 is enriched in the intestine based on RNA-seq and microarray studies\; is affected by several genes including daf-16, daf-2, and hsf-1 based on RNA-seq and microarray studies\; is affected by five chemicals including Alovudine, stavudine, and Humic Substances based on RNA-seq and microarray studies."
"206","WBGene00271827","T19H12.15","Unassigned","Unassigned","Unassigned","T19H12.15 is predicted to encode a protein with the following domain: CC domain."
